Centre ID,Centre Name,Category,State,Trade Areas,Learners,Status
1,02 INNOVATION LAB,Skill Training Center (STC),Nasarawa,3,0,Active
2,1014251,Skill Training Center (STC),Lagos,2,0,Active
3,123 MULTI SYNERGY LTD,Skill Training Center (STC),Niger,1,0,Active
4,21stitches Nigeria LTD,Skill Training Center (STC),Kaduna,1,0,Active
5,24Dots Media Limited,Skill Training Center (STC),Kaduna,2,0,Active
6,A.A DOGA GLOBAL TECH LTD,Master Craft Person (MCP),Kogi,1,0,Active
7,ABG CNG CONVERSION AND EQUIPMENT COMPANY LIMITED,Skill Training Center (STC),FCT,1,0,Active
8,A.B TECH Multysystem Ltd.,Skill Training Center (STC),Katsina,1,0,Active
9,ABUAFFAAN ELECTRICAL INSTALLATION & MAINTENANCE,Vocational Enterprise Institute (VEI),Niger,1,0,Active
10,ABULFATAHY VENTURES KAURA,Master Craft Person (MCP),Kaduna,1,0,Active
11,ACE AGROVET CONSULTS,Master Craft Person (MCP),Akwa Ibom,1,0,Active
12,ADEAYWORLD ENERGY LIMITED,Skill Training Center (STC),Oyo,1,0,Active
13,Adebright & Best Global Concept,Skill Training Center (STC),Osun,2,0,Active
14,Adetiloye Tope Enoch,Master Craft Person (MCP),Osun,1,0,Active
15,Adetunji Bosede Theresa,Master Craft Person (MCP),Ekiti,1,0,Active
16,ADIK DALLAS ENGINEERING WORKSHOP,Skill Training Center (STC),Imo,5,0,Active
17,Adin Kai Skills Development Nig Ltd,Vocational Enterprise Institute (VEI),Niger,2,0,Active
18,Aerovessel School of Artisans & Business Management,Vocational Enterprise Institute (VEI),Ogun,10,0,Active
19,Aerovessel School of Aviation & Tourism Management,Skill Training Center (STC),Lagos,2,0,Active
20,AFOLABI  KEMISOLA,Master Craft Person (MCP),Ekiti,1,0,Active
21,African Cobblers,Skill Training Center (STC),Abia,1,0,Active
22,Agas multi business,Skill Training Center (STC),Kano,1,0,Active
23,AH-TAURA ENTERPRISES,Skill Training Center (STC),Jigawa,1,0,Active
24,Aisha Abubakar/Flair Academy Ltd,Skill Training Center (STC),Nasarawa,2,0,Active
25,AJAYI ENTERPRENEURSHIP & INNOVATION POLYTECHNIC LTD,Vocational Enterprise Institute (VEI),Ekiti,13,0,Active
26,AJIYA INTER-LINKS,Skill Training Center (STC),Niger,4,0,Active
27,AKURE SKILLS TRAINING NIG LTD,Skill Training Center (STC),Ondo,6,0,Active
28,Alfaki farms and general enterprises,Skill Training Center (STC),Yobe,1,0,Active
29,AL-FARHAN MULTIPURPOSE BUSINESS ENTERPRISES,Master Craft Person (MCP),Jigawa,1,0,Active
30,Alfa Suleiman Fashion Design and Global Farming Enterprise,Skill Training Center (STC),Kogi,1,0,Active
31,ALHAJI HADI FASHION DESIGNERS,Vocational Enterprise Institute (VEI),Benue,1,0,Active
32,ALIGAZA MECHANICAL ENGINEERING,Master Craft Person (MCP),Kaduna,1,0,Active
33,Ali iliyasu ibrahim,Master Craft Person (MCP),Benue,1,0,Active
34,ALMUHYAM GLOBAL TECHNOLOGY,Master Craft Person (MCP),Kaduna,1,0,Active
35,ALUS CLOTHING VENTURES,Master Craft Person (MCP),Ekiti,1,0,Active
36,Amana De Trainers Biz Concept Ltd /Suleiman Abubakar,Skill Training Center (STC),Nasarawa,10,0,Active
37,AMCP VOCATIONAL AND SKILL ACQUISITION TRAINING LTD,Vocational Enterprise Institute (VEI),Jigawa,6,0,Active
38,Aminu Abubakar,Master Craft Person (MCP),Katsina,1,0,Active
39,Annur management services,Vocational Enterprise Institute (VEI),Kano,1,0,Active
40,Anwese Electrical/Electronics,Skill Training Center (STC),Benue,1,0,Active
41,APEX FX CULINARY,Skill Training Center (STC),Ondo,1,0,Active
42,A.S SALIHU FASHION AND DESIGN VENTURES,Master Craft Person (MCP),Benue,1,0,Active
43,"ASSOCIATION FOR SASAKAWA ALUMNI ADAMAWA STATE UNIVERSITY,MUBI",Skill Training Center (STC),Adamawa,1,0,Active
44,ATN,Master Craft Person (MCP),Benue,2,0,Active
45,Atsoulvic Training Centre,Skill Training Center (STC),Enugu,2,0,Active
46,Attayseer Autogas Nig Ltd,Skill Training Center (STC),Kaduna,1,0,Active
47,B2ANDTHECRAFT,Master Craft Person (MCP),Kaduna,1,0,Active
48,Balanite Integrated Services,Skill Training Center (STC),Plateau,1,0,Active
49,BEN AKAK FOUNDATION,Skill Training Center (STC),Cross River,1,0,Active
50,Benco Welding and Fabrication works,Master Craft Person (MCP),Cross River,3,0,Active
51,BETTER LEVEN ADVANCEMENT CENTRE,Skill Training Center (STC),Nasarawa,2,0,Active
52,Bilal Aluminum Synergy,Master Craft Person (MCP),Jigawa,1,0,Active
53,BIN ASHAFA SKILLS  TRAINING CENTRE,Skill Training Center (STC),Kebbi,4,0,Active
54,blessed gemjoo enterprise,Skill Training Center (STC),Ondo,1,0,Active
55,Blessing fashion design,Master Craft Person (MCP),Ekiti,1,0,Active
56,BLISS ATTITUDE COUTURE,Skill Training Center (STC),Ogun,1,0,Active
57,BloomByte Limited,Vocational Enterprise Institute (VEI),Ondo,5,0,Active
58,Brainstorm Academy,Skill Training Center (STC),Kaduna,8,0,Active
59,"BRITISH TRANSATLANTIC POLYTECHNIC, AKURE",Skill Training Center (STC),Ondo,8,0,Active
60,BUILD TECH GLOBAL SERVICES,Skill Training Center (STC),Kebbi,4,0,Active
61,CAFTA FASHION,Master Craft Person (MCP),Benue,1,0,Active
62,Campus Technologies Limited,Skill Training Center (STC),FCT,4,0,Active
63,Cassava Prosperity Farm,Skill Training Center (STC),Kogi,1,0,Active
64,Cecelicious food and confectionery,Master Craft Person (MCP),Imo,1,0,Active
65,Centre For Technology Training and innovation,Skill Training Center (STC),FCT,4,0,Active
66,Chommy Crystalwears home of fashion,Master Craft Person (MCP),Abia,1,0,Active
67,City Mechanic Automobile limited,Skill Training Center (STC),Lagos,1,0,Active
68,Cloudtech Connect,Skill Training Center (STC),Nasarawa,2,0,Active
69,CNGTECH GAS INNOVATIONS NIG LTD,Skill Training Center (STC),Lagos,1,0,Active
70,COLLEGE OF MANAGEMENT AND TECHNOLOGY KATSINA,Skill Training Center (STC),Katsina,4,0,Active
71,Colour Path Limited,Skill Training Center (STC),Ondo,5,0,Active
72,COMMUNITY SKILLS DEVELOPMENT CENTRE (COSDEC) KATSINA,Skill Training Center (STC),Katsina,1,0,Active
73,COMPAREVERI NIG LTD,Vocational Enterprise Institute (VEI),Akwa Ibom,5,0,Active
74,Complete Computers College of Management & Technology,Master Craft Person (MCP),Edo,4,0,Active
75,CompuQaz Technologies Limited,Skill Training Center (STC),Ogun,1,0,Active
76,COOL PLUS LIMITED,Skill Training Center (STC),Lagos,1,0,Active
77,Covenant Polytechnic Limited,Skill Training Center (STC),Abia,2,0,Active
78,CRÈME BAY INTEGRATED SERVICES,Skill Training Center (STC),Imo,1,0,Active
79,Cwill Integrated Services Limited,Vocational Enterprise Institute (VEI),Kogi,4,0,Active
80,Dakkada Skills Acquisition Centre,Skill Training Center (STC),Akwa Ibom,12,0,Active
81,DANLYN TOM AND CO,Skill Training Center (STC),Ondo,1,0,Active
82,Deamazing Needlework,Skill Training Center (STC),Ogun,1,0,Active
83,DE GREAT UK WEARS,Master Craft Person (MCP),Benue,1,0,Active
84,De-lace International Nigeria Limited,Skill Training Center (STC),Kaduna,1,0,Active
85,DEW OF HEAVEN GLOBAL VENTURES,Master Craft Person (MCP),Osun,2,0,Active
86,DHAHA COLLEGE OF ADVANCE STUDY∕GSTC ZURU,Master Craft Person (MCP),Kebbi,3,0,Active
87,dorpatbri crafts,Master Craft Person (MCP),Abia,1,0,Active
88,Dr Alkali Global Furniture,Skill Training Center (STC),Yobe,1,0,Active
89,Dr. Nabila Training Center,Skill Training Center (STC),FCT,2,0,Active
90,D-TON ENTERPRISE,Vocational Enterprise Institute (VEI),Nasarawa,1,0,Active
91,Edet Amana Foundation ICT Hub,Skill Training Center (STC),Akwa Ibom,2,0,Active
92,EHIOZEE NIGERIA LIMITED,Skill Training Center (STC),Edo,4,0,Active
93,EKEZIE MECHANIC,Master Craft Person (MCP),Abia,1,0,Active
94,Elenarichard Spa and Aesthetic Training Centre,Skill Training Center (STC),Lagos,1,0,Active
95,E - LIFE TECHNOLOGIES,Skill Training Center (STC),Lagos,1,0,Active
96,elwalifarmenterprises@gmail.com,Skill Training Center (STC),Kebbi,2,0,Active
97,Emmadom Continental Concepts,Skill Training Center (STC),Akwa Ibom,2,0,Active
98,Emmanuel modupe oluwafunke,Master Craft Person (MCP),Ekiti,1,0,Active
99,ENQUIRY MEDIA PRINT SERVICES,Vocational Enterprise Institute (VEI),Osun,2,0,Active
100,Ento-organics Nigeria,Master Craft Person (MCP),Ogun,1,0,Active
101,EPHCEE PRYOR NIG ENTERPRISES,Master Craft Person (MCP),Abia,1,0,Active
102,ESSIE STYLES NG,Master Craft Person (MCP),Ekiti,1,0,Active
103,Esteeemed Possessions Skill Acquisition Centre,Skill Training Center (STC),Edo,7,0,Active
104,Evasam Electricals and power resources limited,Vocational Enterprise Institute (VEI),Cross River,6,0,Active
105,Explorexxon Global Energy Ltd,Skill Training Center (STC),Imo,4,0,Active
106,Fa'am catering and training services,Skill Training Center (STC),Niger,1,0,Active
107,FAKAI CAFE AND COMPUTER SERVICES,Skill Training Center (STC),Kebbi,3,0,Active
108,Falalu Tailoring And General Contracts,Skill Training Center (STC),Jigawa,1,0,Active
109,FASDESTON NIG LTD,Vocational Enterprise Institute (VEI),Abia,2,0,Active
110,FASH FASHION TRAINING CENTER,Skill Training Center (STC),Kaduna,1,0,Active
111,FEDERAL POLYTECHNIC NASARAWA,Skill Training Center (STC),Nasarawa,24,0,Active
112,"Federal Polytechnic, Ngodo - Isuochi",Skill Training Center (STC),Abia,2,0,Active
113,Federal Polytecnic Nekede Skill Training Center,Skill Training Center (STC),Imo,2,0,Active
114,FEEMTOKE FARMS,Skill Training Center (STC),Osun,1,0,Active
115,Fenty Ent,Skill Training Center (STC),Akwa Ibom,1,0,Active
116,Fiddausi Aminu Sani,Master Craft Person (MCP),Jigawa,1,0,Active
117,Field of Skills and Dreams VTE Academy,Skill Training Center (STC),Lagos,6,0,Active
118,F KAY COLLECTION,Skill Training Center (STC),Lagos,1,0,Active
119,Flotinas Global Resources Ltd/ Mark Laffin Egri,Skill Training Center (STC),Cross River,7,0,Active
120,"FUBK CONSULT LIMITED, Federal University Birnin Kebbi/Prof. A. I. Garba, Director",Skill Training Center (STC),Kebbi,7,0,Active
121,FUK GLOBAL AND INTEGRATED SERVICES LTD,Skill Training Center (STC),Kaduna,1,0,Active
122,Gallery 08 et al LTD,Skill Training Center (STC),Cross River,2,0,Active
123,GENIUS HUB TRAINING CENTE( AKWA IBOM),Skill Training Center (STC),Akwa Ibom,4,0,Active
124,GEOMATIX INNOVATIVE SYSTEMS LIMITED,Master Craft Person (MCP),FCT,1,0,Active
125,Gestric Polytechnic,Skill Training Center (STC),Akwa Ibom,11,0,Active
126,GLORIELS ENTERPRISES,Skill Training Center (STC),Kaduna,1,0,Active
127,Goje H Food enterprises & skill training centre,Skill Training Center (STC),Yobe,4,0,Active
128,Government Technical College,Master Craft Person (MCP),Osun,8,0,Active
129,"Government Technical College, Ijeda/ijebu-jesa",Master Craft Person (MCP),Osun,5,0,Active
130,Gracias Fashion Academy/Grace Eze Obi,Vocational Enterprise Institute (VEI),Cross River,4,0,Active
131,GreenEarth Pottery,Master Craft Person (MCP),Imo,1,0,Active
132,Green Icon International LTD,Skill Training Center (STC),Kaduna,7,0,Active
133,Greenplant network,Skill Training Center (STC),Cross River,1,0,Active
134,GRID7 CNG CONVERSION CENTER,Skill Training Center (STC),FCT,1,0,Active
135,Habaz Integrated Farms Limited,Skill Training Center (STC),Nasarawa,2,0,Active
136,HABEEB FASHION DESIGN,Master Craft Person (MCP),Kaduna,1,0,Active
137,HAJARA NA'AKARE FASHION HOUSE,Skill Training Center (STC),Kebbi,1,0,Active
138,HARTPLAN NIGERIA LIMITED,Skill Training Center (STC),FCT,1,0,Active
139,HASSAN IBRAHIM TAILORING AND TEXTILE,Master Craft Person (MCP),Benue,1,0,Active
140,Hassan Usman katsina polytechnic,Skill Training Center (STC),Katsina,1,0,Active
141,Highlang College of Technology,Vocational Enterprise Institute (VEI),Oyo,3,0,Active
142,Honeytreat Skill centre Ibadan,Master Craft Person (MCP),Oyo,9,0,Active
143,Honeytreat Trade Academy,Vocational Enterprise Institute (VEI),Lagos,4,0,Active
144,Honeytreat Trade Academy  Agege,Master Craft Person (MCP),Lagos,10,0,Active
145,Honeytreat Trade Academy Akilo,Master Craft Person (MCP),Lagos,7,0,Active
146,Honeytreat Trade Academy Osogbo,Master Craft Person (MCP),Osun,9,0,Active
147,Honeytreat Trade Academy Tijani Centre,Master Craft Person (MCP),Lagos,3,0,Active
148,HOUSE OF BEEBAH SCHOOL OF FASHION,Skill Training Center (STC),Lagos,1,0,Active
149,HUSSAINI FAMILY FASHION AND DESIGN STORE,Master Craft Person (MCP),Benue,1,0,Active
150,IBCONCEPTS AND BUSINESS SOLUTIONS LTD,Master Craft Person (MCP),Kaduna,1,0,Active
151,Ibom Metropolitan Polytechnic,Skill Training Center (STC),Akwa Ibom,10,0,Active
152,"IDM CAKES, DECORATIONS AND EVENTS",Skill Training Center (STC),Ondo,1,0,Active
153,Ikechukwu Nwadavid,Master Craft Person (MCP),Abia,1,0,Active
154,Imex integrated Agency,Skill Training Center (STC),Akwa Ibom,1,0,Active
155,INTERNATIONAL SCHOOL FOR ARTISAN TECHNOLOGY LTD,Skill Training Center (STC),Kaduna,3,0,Active
156,IQTS Mega School Birnin Kebbi,Skill Training Center (STC),Kebbi,9,0,Active
157,IQTS Mega School Yauri,Skill Training Center (STC),Kebbi,10,0,Active
158,IQTS Model School Argungu,Skill Training Center (STC),Kebbi,10,0,Active
159,IQTS MODEL SCHOOL ZURU,Skill Training Center (STC),Kebbi,10,0,Active
160,IRS GREEN ENERGY LIMITED,Skill Training Center (STC),FCT,3,0,Active
161,Ismaeeel Mahuta fashion hause,Master Craft Person (MCP),Kebbi,1,0,Active
162,ISRAEL FAVOURED MULTI-BIZ NIG LTD,Vocational Enterprise Institute (VEI),Imo,3,0,Active
163,JAAF POULTRY AND LIVESTOCK MARKET,Vocational Enterprise Institute (VEI),Nasarawa,1,0,Active
164,Jahas Welding And Fabrication Engineering Limited,Skill Training Center (STC),Kebbi,1,0,Active
165,Jaycee Catering Services,Skill Training Center (STC),Abia,1,0,Active
166,JB MADAKI ENTERPRISE,Master Craft Person (MCP),Benue,1,0,Active
167,Jehovah Jireh Investment Ltd /ESU EFFIE,Skill Training Center (STC),Akwa Ibom,5,0,Active
168,Jolatab Engineering Services,Master Craft Person (MCP),Osun,1,0,Active
169,K99 Consultancy Services,Skill Training Center (STC),Kaduna,1,0,Active
170,Kalgo youth skills acquisition center,Skill Training Center (STC),Kebbi,4,0,Active
171,Kanaan Koncept/ Nsikak Ukpong Richard,Skill Training Center (STC),Akwa Ibom,1,0,Active
172,Kasuk Youth Skills Centre,Skill Training Center (STC),Cross River,3,0,Active
173,KATSINA YOUTH CRAFT CENTRE (KYCC),Skill Training Center (STC),Katsina,4,0,Active
174,Katsina Youth Craft Village (KYCV),Skill Training Center (STC),Katsina,4,0,Active
175,KENNY COMPULINKS OPTIMUM CONCEPTS,Skill Training Center (STC),Kwara,1,0,Active
176,KHADI BAKES,Skill Training Center (STC),Niger,1,0,Active
177,KIARA DE-LUKE ACADEMY,Skill Training Center (STC),Abia,6,0,Active
178,Kingnoyen Networks/ Obanoyen Abiola Sikiru,Vocational Enterprise Institute (VEI),Ondo,1,0,Active
179,KINGPOST GLOBAL PROJECTS KADUNA,Skill Training Center (STC),Kaduna,2,0,Active
180,Koheapparel/ Adegbite Oluwakemisola,Skill Training Center (STC),Ogun,1,0,Active
181,Kubuhtech Training Centre,Skill Training Center (STC),Kebbi,7,0,Active
182,KYAUTA'S FASHION DESIGN,Master Craft Person (MCP),Kaduna,1,0,Active
183,LARITHS CLOTHING & TEXTILES,Master Craft Person (MCP),Jigawa,1,0,Active
184,Lautai Innovation Hub,Vocational Enterprise Institute (VEI),Jigawa,1,0,Active
185,Lawrence Gabriel,Skill Training Center (STC),Plateau,2,0,Active
186,Leapworld Limited,Skill Training Center (STC),Lagos,2,0,Active
187,Lufem College of Technology,Skill Training Center (STC),Lagos,5,0,Active
188,Mac-zeng Global Integrated Services,Vocational Enterprise Institute (VEI),Cross River,5,0,Active
189,Madafa women and youth Development Association and Vocational training Center,Skill Training Center (STC),Kano,2,0,Active
190,"Magvoile college of Art,Science and Vocational Studies",Vocational Enterprise Institute (VEI),Kaduna,3,0,Active
191,Magvoile College of Arts Science and Vocational Studies,Skill Training Center (STC),Akwa Ibom,11,0,Active
192,MAHVIRA GLOBAL ENTERPRISES,Skill Training Center (STC),Niger,4,0,Active
193,MAIGINI INTEGRATED SERVICES LIMITED,Skill Training Center (STC),Kaduna,1,0,Active
194,MALLAM FASHION AND DESIGN,Master Craft Person (MCP),Benue,1,0,Active
195,MAMA AZARO'S BAGS ENTERPRISE,Master Craft Person (MCP),Cross River,1,0,Active
196,MAPOLY Centre for Skill Development,Skill Training Center (STC),Ogun,3,0,Active
197,MARIKA SKILLS ACADEMY LIMITED,Skill Training Center (STC),Kaduna,2,0,Active
198,Mary_Bleegam Empire,Master Craft Person (MCP),Cross River,1,0,Active
199,MASHALA-ALBARKA SKILL & ENTREPRENEUR LTD,Vocational Enterprise Institute (VEI),Kwara,1,0,Active
200,MASHRABIYA TRAINING CENTRE,Skill Training Center (STC),Sokoto,10,0,Active
201,"MASROOR INTERNATIONAL TECHNICAL COLLEGE, ILARO",Skill Training Center (STC),Ogun,2,0,Active
202,Master Craft,Master Craft Person (MCP),Katsina,1,0,Active
203,Master craft person,Master Craft Person (MCP),Katsina,1,0,Active
204,Matex Footwears,Skill Training Center (STC),Ogun,1,0,Active
205,Matsai agroallied enterprise,Master Craft Person (MCP),Kaduna,1,0,Active
206,MBARA OZIOMA POLYTECHNIC,Skill Training Center (STC),Imo,1,0,Active
207,Melamydal Apparels,Master Craft Person (MCP),Abia,1,0,Active
208,MENTOR WOODS AND FURNITURE/ TRAINING SERVICES,Vocational Enterprise Institute (VEI),Cross River,1,0,Active
209,Mg_beauties,Master Craft Person (MCP),Katsina,1,0,Active
210,MHM GENERAL ELECTRONICS INSTALLATION SERVICES,Skill Training Center (STC),Katsina,1,0,Active
211,M.H.Y ALFIJIR TRAINING CENTRE,Skill Training Center (STC),Kebbi,5,0,Active
212,Midas Touch Micro Systems,Vocational Enterprise Institute (VEI),Anambra,1,0,Active
213,MIGHTYREIGN TECHNICAL SUPPORT & SERVICES,Skill Training Center (STC),Ondo,1,0,Active
214,"MJ GLOBAL TECHNOLOGY, JEGA",Skill Training Center (STC),Kebbi,2,0,Active
215,MK GBR SKILLS ACQUISITION MULTI BUSINESS SOKOTO,Skill Training Center (STC),Sokoto,3,0,Active
216,Mmnhafsat,Master Craft Person (MCP),Katsina,1,0,Active
217,Motac Consultancy Management service/ Omale,Skill Training Center (STC),Benue,2,0,Active
218,Musa Africa,Skill Training Center (STC),Katsina,1,0,Active
219,Musida int.l ventures shoemaking and general leather work,Master Craft Person (MCP),Nasarawa,1,0,Active
220,"NATIONAL POWER TRAINING INSTITUTE OF NIGERIA, REGIONAL TRAINING CENTER, KAINJI",Vocational Enterprise Institute (VEI),Niger,3,0,Active
221,Na'Vave Global Ltd,Skill Training Center (STC),Kaduna,1,0,Active
222,NAWAZ FASHION DESIGN,Skill Training Center (STC),Jigawa,1,0,Active
223,NBTE Test Training Center,Master Craft Person (MCP),Kaduna,2,0,Active
224,NDE Skills Acquisition Center Michika,Skill Training Center (STC),Adamawa,6,0,Active
225,NED COMPUTERS CONCEPTS,Skill Training Center (STC),Imo,2,0,Active
226,NEWAGE SKILLS CENTERS FK,Skill Training Center (STC),Yobe,1,0,Active
227,NEWAGE SKILLS CENTERS LTD,Vocational Enterprise Institute (VEI),Yobe,3,0,Active
228,NEWLAND POLYTECHNIC LIMITED,Skill Training Center (STC),Kwara,4,0,Active
229,Nigeria Korea Friendship Institute,Vocational Enterprise Institute (VEI),Kogi,6,0,Active
230,Noble Icon Nigeria Company,Skill Training Center (STC),Kwara,1,0,Active
231,nwokorievin@gmail.com,Skill Training Center (STC),Imo,1,0,Active
232,OGBONNAYA ONU POLYTECHNIC (FORMERLY ABIA STATE POLYTECHNIC) ABA,Skill Training Center (STC),Abia,4,0,Active
233,Ogunkayo Michael abiodun/prosperity aluminum,Master Craft Person (MCP),Ekiti,1,0,Active
234,Ogunwuyi Toyin,Master Craft Person (MCP),Ekiti,1,0,Active
235,Ohto Autos,Skill Training Center (STC),Akwa Ibom,1,0,Active
236,OJAIK CONCEPT/ ONWUKWE INNOCENT ORJI,Skill Training Center (STC),Abia,1,0,Active
237,Olamighty Integrated Services,Vocational Enterprise Institute (VEI),Ondo,1,0,Active
238,OLLYX CAKES & EVENTS,Master Craft Person (MCP),Ekiti,1,0,Active
239,OLUKODO-ALLIED AGRO ENTERPRISE,Master Craft Person (MCP),Kwara,1,0,Active
240,OLU-RICHARD AND COMPANY,Master Craft Person (MCP),Osun,2,0,Active
241,Oluwatayo Sunday David,Master Craft Person (MCP),Ekiti,1,0,Active
242,ONIZE FASHION COLLECTION,Skill Training Center (STC),Ekiti,1,0,Active
243,"OYEDIRAN, ASIMIYU OYEKOLA (Agrikfarms Resources)",Skill Training Center (STC),Osun,1,0,Active
244,PAULBANQSMART ENTERPRISE,Skill Training Center (STC),Abia,1,0,Active
245,Perfect Touch Innovation and Entrepreneurship Academy Limited,Vocational Enterprise Institute (VEI),Osun,9,0,Active
246,Phines house of fashion \Josephine Uwaezu Chinedu,Master Craft Person (MCP),Abia,1,0,Active
247,PISTUEO HOSPITALITY SIGNATURES &  TRAINING CENTRE/FAITH AJILORE,Skill Training Center (STC),Lagos,1,20,Active
248,Platinum Tech Global Systems Ltd,Skill Training Center (STC),Katsina,10,20,Active
249,Precious Fashion Design,Master Craft Person (MCP),Kaduna,1,0,Active
250,PRECIOUS UB AND SONS TECHNOLOGY COMPANY LIMITED,Skill Training Center (STC),Abia,1,0,Active
251,Preif fashion,Skill Training Center (STC),Abia,1,0,Active
252,Prince Abubakar Audu University Anyigba/Professor Egbunu Audu Dangana,Vocational Enterprise Institute (VEI),Kogi,6,0,Active
253,Prince Onimisi Farming Enterprise /ABDULLAHI ONIMISI SALAWU,Skill Training Center (STC),Kogi,1,0,Active
254,Prof. I.M Bugaje Old Panteka Skills Centre,Skill Training Center (STC),Kaduna,1,0,Active
255,Promak shoes,Master Craft Person (MCP),Abia,1,0,Active
256,Pure Auwalistic Multimedia Resources,Master Craft Person (MCP),Kaduna,1,0,Active
257,PURESPEED EDUCATIONAL SERVICES,Skill Training Center (STC),Jigawa,2,0,Active
258,Quadrohub Limited,Skill Training Center (STC),Imo,1,0,Active
259,QUEENCY FASTLINK COMPUTER,Skill Training Center (STC),Akwa Ibom,1,0,Active
260,Rabiu Usman,Master Craft Person (MCP),Benue,1,0,Active
261,RAD5 Tech Hub Ltd,Skill Training Center (STC),Abia,1,0,Active
262,Raifu Adisa Ramon,Master Craft Person (MCP),Osun,1,0,Active
263,RANAO ASSOCIATION OF NIGERIA SKILL ACQUISITION  CENTRE KADUNA,Skill Training Center (STC),Kaduna,2,20,Active
264,RASHA TM CONTRUCTION NIG LTD,Skill Training Center (STC),Kebbi,7,0,Active
265,Regco Best Apparels,Master Craft Person (MCP),Abia,1,0,Active
266,Richy-B option Nig,Skill Training Center (STC),Imo,1,0,Active
267,Romis Consultants Limited (www.romisconsultants.com.ng),Vocational Enterprise Institute (VEI),Ogun,3,0,Active
268,ROYALSMILE SIGNATURE,Skill Training Center (STC),Kwara,1,0,Active
269,R.T Briscoe Nigeria Plc,Skill Training Center (STC),Lagos,2,0,Active
270,Ruth Kolawale,Master Craft Person (MCP),Benue,1,0,Active
271,Sabo clothing,Master Craft Person (MCP),Kaduna,1,0,Active
272,SAKOGA YEHUDA GLOBAL SERVICES LIMITED,Skill Training Center (STC),Ondo,5,0,Active
273,samuel kokong,Master Craft Person (MCP),Nasarawa,1,0,Active
274,SANI IBRAHIM,Master Craft Person (MCP),Kano,1,0,Active
275,SARKIN KOKO TRAINING CENTRE,Skill Training Center (STC),Kebbi,4,0,Active
276,Select Synergy Digital  limited,Skill Training Center (STC),Abia,1,0,Active
277,SGL Technologies,Skill Training Center (STC),Lagos,5,0,Active
278,Sharahilu Usman,Master Craft Person (MCP),Kebbi,1,0,Active
279,SHELTER WATCH INITIATIVE,Skill Training Center (STC),Ogun,3,0,Active
280,SHUAIBU S. M GLOBAL SERVICES,Master Craft Person (MCP),Benue,1,0,Active
281,SINTOO CATERING AND SERVICES,Vocational Enterprise Institute (VEI),Osun,1,0,Active
282,"SKILLS ACQUISITION AND TRAINING CENTER, BIRNIN KUDU, JIGAWA STATE",Skill Training Center (STC),Jigawa,2,0,Active
283,"SKILLS DEVELOPMENT CENTRE (SDC) WAZIRI UMARU FEDERAL POLYTECHNIC BIRNIN KEBBI, KEBBI STATE",Skill Training Center (STC),Kebbi,7,20,Active
284,Skills upgrading and Vocational Training Centre (SUVTC),Skill Training Center (STC),Cross River,7,0,Active
285,Smartagro concept,Skill Training Center (STC),Jigawa,2,0,Active
286,Smartlooks Fashion Design,Skill Training Center (STC),Niger,1,0,Active
287,Smartsolutions skills development concept ltd,Vocational Enterprise Institute (VEI),Kogi,13,0,Active
288,SMNK Limited,Skill Training Center (STC),Imo,1,0,Active
289,SO FAVOURED UNIVERSAL SERVICES LTD,Skill Training Center (STC),Imo,1,0,Active
290,Sola fashion designer,Master Craft Person (MCP),Ekiti,1,0,Active
291,Sori Welding and Fabrication,Master Craft Person (MCP),Jigawa,1,0,Active
292,START INNOVATION HUB,Skill Training Center (STC),Akwa Ibom,2,0,Active
293,Suleiman Alhaji Suleiman,Master Craft Person (MCP),Yobe,0,0,Active
294,SURE DWELLING ALUMINUM,Master Craft Person (MCP),Kwara,1,0,Active
295,Tandym Logistics Services Limited,Vocational Enterprise Institute (VEI),Cross River,3,0,Active
296,TEMTOL AGRO CONCEPT,Skill Training Center (STC),Osun,1,0,Active
297,The Houseone Brand,Master Craft Person (MCP),Kwara,1,0,Active
298,The Polytechnic Omuo-Ekiti,Skill Training Center (STC),Ekiti,9,0,Active
299,The Route Dynamic Enterprise,Vocational Enterprise Institute (VEI),FCT,1,0,Active
300,Township Vocational Skills Ltd / Tarkohol Tatse,Skill Training Center (STC),Benue,6,0,Active
301,Truvis Agro Services Limited,Skill Training Center (STC),Lagos,1,0,Active
302,Tsangaya Model Primary School Argungu,Skill Training Center (STC),Kebbi,1,0,Active
303,"Tsangaya Model Primary School Gwadangaji, Birnin Kebbi",Skill Training Center (STC),Kebbi,1,0,Active
304,Tuns and partners farm,Skill Training Center (STC),Ogun,1,0,Active
305,TVET UK NIGERIA LIMITED,Skill Training Center (STC),Nasarawa,8,0,Active
306,TVET- UK NIGERIA LIMITED,Skill Training Center (STC),Nasarawa,8,0,Active
307,TVET-UK NIGERIA LIMITED,Skill Training Center (STC),Ogun,1,0,Active
308,"UBEC Junior Secondary/Vocational Center, Bagudo.",Skill Training Center (STC),Kebbi,3,0,Active
309,UBEC Junior Secondary/Vocational Center Nagari College.,Skill Training Center (STC),Kebbi,3,0,Active
310,"UBEC Junior Secondary/Vocational Center, Ngaski.",Skill Training Center (STC),Kebbi,4,0,Active
311,Ugochi ijezie,Master Craft Person (MCP),Abia,1,0,Active
312,UGWOERI BUILT CONSULT,Skill Training Center (STC),Abia,5,0,Active
313,UMAR Bashar Bashar,Vocational Enterprise Institute (VEI),Katsina,1,0,Active
314,UMARU LAMI COLLECTION ENTERPRISE,Master Craft Person (MCP),Benue,1,0,Active
315,Upskill School of Technology,Vocational Enterprise Institute (VEI),Imo,4,0,Active
316,UTS COMPUTER SERVICES,Vocational Enterprise Institute (VEI),Kwara,1,0,Active
317,UWEHH INTEGRATED NIGERIA LIMITED,Skill Training Center (STC),Akwa Ibom,4,0,Active
318,VANDOUGH_KELZ DESIGNS/EZEKIEL VICTORIA ULOMA,Master Craft Person (MCP),Abia,1,0,Active
319,VEKAWI INTEGRATED SERVICES LTD,Vocational Enterprise Institute (VEI),Niger,2,0,Active
320,VELY GLOBAL CONCEPT ENTERPRISE,Skill Training Center (STC),Niger,1,0,Active
321,VERDE DYNAMO LTD,Skill Training Center (STC),Lagos,1,0,Active
322,Wavecrest College of Hospitality,Skill Training Center (STC),Lagos,1,0,Active
323,Waziri Ummaru federal polytechnic Birnin kebbi,Skill Training Center (STC),Kebbi,8,0,Active
324,WINIFRED SCHOOL OF MANAGEMENTAND TECHNOLOGY,Skill Training Center (STC),Oyo,3,0,Active
325,Woman Centre,Master Craft Person (MCP),Jigawa,1,0,Active
326,WordenHCD Limited,Skill Training Center (STC),Lagos,1,0,Active
327,YAR FARA MULTIPURPOSE,Skill Training Center (STC),Kebbi,3,0,Active
328,Yongsim Apparel,Skill Training Center (STC),Nasarawa,1,0,Active
329,Yusuf dahiru,Vocational Enterprise Institute (VEI),Jigawa,1,0,Active
330,Yyettie clothings/,Master Craft Person (MCP),Ogun,1,0,Active
331,ZOE GLOBAL VENTURES,Master Craft Person (MCP),Cross River,2,0,Active